worker_id,paid,task_name,batch_name,unit_id,try_last,try_current,dimension_index,dimension_name,timestamp_start,timestamp_start_parsed,selection_index,selection_value,selection_timestamp,selection_timestamp_parsed,selection_time_elapsed,timestamp_end,timestamp_end_parsed,document_index,document_id
7GFH0CXPHPTSPX,True,task1,batch1,unit_1,1,1,5,Confidence,1705397765.62,2024-01-16 10:36:05.620000,0,50,1705397841.339,2024-01-16 10:37:21.339000,75.719,1705398285.82,2024-01-16 10:44:45.820000,0,B015XC3B46
7GFH0CXPHPTSPX,True,task1,batch1,unit_1,1,1,5,Confidence,1705397765.62,2024-01-16 10:36:05.620000,0,65,1705398066.931,2024-01-16 10:41:06.931000,301.311,1705398285.82,2024-01-16 10:44:45.820000,1,B0002KMHD6
7GFH0CXPHPTSPX,True,task1,batch1,unit_1,1,1,5,Confidence,1705397765.62,2024-01-16 10:36:05.620000,0,39,1705398138.862,2024-01-16 10:42:18.862000,373.242,1705398285.82,2024-01-16 10:44:45.820000,2,B00006JN5L
7GFH0CXPHPTSPX,True,task1,batch1,unit_1,1,1,5,Confidence,1705397765.62,2024-01-16 10:36:05.620000,0,68,1705398235.075,2024-01-16 10:43:55.075000,469.455,1705398285.82,2024-01-16 10:44:45.820000,3,B0001DHQPI
7GFH0CXPHPTSPX,True,task1,batch1,unit_1,1,1,5,Confidence,1705397765.62,2024-01-16 10:36:05.620000,0,72,1705398329.022,2024-01-16 10:45:29.022000,563.402,1705398285.82,2024-01-16 10:44:45.820000,4,B001DYVHY0
B0ARNFCRSNEXAS,True,task1,batch1,unit_5,1,1,5,Confidence,1705417465.7,2024-01-16 16:04:25.700000,0,70,1705417614.728,2024-01-16 16:06:54.728000,149.028,1705418159.78,2024-01-16 16:15:59.780000,0,B003TO59D2
B0ARNFCRSNEXAS,True,task1,batch1,unit_5,1,1,5,Confidence,1705417465.7,2024-01-16 16:04:25.700000,0,90,1705417778.332,2024-01-16 16:09:38.332000,312.632,1705418159.78,2024-01-16 16:15:59.780000,1,B00PNVOBTC
B0ARNFCRSNEXAS,True,task1,batch1,unit_5,1,1,5,Confidence,1705417465.7,2024-01-16 16:04:25.700000,0,66,1705417935.923,2024-01-16 16:12:15.923000,470.223,1705418159.78,2024-01-16 16:15:59.780000,2,B0029MAXR2
B0ARNFCRSNEXAS,True,task1,batch1,unit_5,1,1,5,Confidence,1705417465.7,2024-01-16 16:04:25.700000,1,69,1705417936.206,2024-01-16 16:12:16.206000,0.283,1705418159.78,2024-01-16 16:15:59.780000,2,B0029MAXR2
B0ARNFCRSNEXAS,True,task1,batch1,unit_5,1,1,5,Confidence,1705417465.7,2024-01-16 16:04:25.700000,2,82,1705417936.727,2024-01-16 16:12:16.727000,0.521,1705418159.78,2024-01-16 16:15:59.780000,2,B0029MAXR2
B0ARNFCRSNEXAS,True,task1,batch1,unit_5,1,1,5,Confidence,1705417465.7,2024-01-16 16:04:25.700000,3,87,1705417937.501,2024-01-16 16:12:17.501000,0.774,1705418159.78,2024-01-16 16:15:59.780000,2,B0029MAXR2
B0ARNFCRSNEXAS,True,task1,batch1,unit_5,1,1,5,Confidence,1705417465.7,2024-01-16 16:04:25.700000,4,90,1705417938.804,2024-01-16 16:12:18.804000,1.303,1705418159.78,2024-01-16 16:15:59.780000,2,B0029MAXR2
B0ARNFCRSNEXAS,True,task1,batch1,unit_5,1,1,5,Confidence,1705417465.7,2024-01-16 16:04:25.700000,0,70,1705418052.288,2024-01-16 16:14:12.288000,586.588,1705418159.78,2024-01-16 16:15:59.780000,3,B0041RUM0Q
B0ARNFCRSNEXAS,True,task1,batch1,unit_5,1,1,5,Confidence,1705417465.7,2024-01-16 16:04:25.700000,1,89,1705418054.988,2024-01-16 16:14:14.988000,2.7,1705418159.78,2024-01-16 16:15:59.780000,3,B0041RUM0Q
B0ARNFCRSNEXAS,True,task1,batch1,unit_5,1,1,5,Confidence,1705417465.7,2024-01-16 16:04:25.700000,2,92,1705418055.935,2024-01-16 16:14:15.935000,0.947,1705418159.78,2024-01-16 16:15:59.780000,3,B0041RUM0Q
B0ARNFCRSNEXAS,True,task1,batch1,unit_5,1,1,5,Confidence,1705417465.7,2024-01-16 16:04:25.700000,3,87,1705418056.463,2024-01-16 16:14:16.463000,0.528,1705418159.78,2024-01-16 16:15:59.780000,3,B0041RUM0Q
B0ARNFCRSNEXAS,True,task1,batch1,unit_5,1,1,5,Confidence,1705417465.7,2024-01-16 16:04:25.700000,4,83,1705418056.894,2024-01-16 16:14:16.894000,0.431,1705418159.78,2024-01-16 16:15:59.780000,3,B0041RUM0Q
B0ARNFCRSNEXAS,True,task1,batch1,unit_5,1,1,5,Confidence,1705417465.7,2024-01-16 16:04:25.700000,5,95,1705418057.203,2024-01-16 16:14:17.203000,0.309,1705418159.78,2024-01-16 16:15:59.780000,3,B0041RUM0Q
B0ARNFCRSNEXAS,True,task1,batch1,unit_5,1,1,5,Confidence,1705417465.7,2024-01-16 16:04:25.700000,6,100,1705418057.335,2024-01-16 16:14:17.335000,0.132,1705418159.78,2024-01-16 16:15:59.780000,3,B0041RUM0Q
B0ARNFCRSNEXAS,True,task1,batch1,unit_5,1,1,5,Confidence,1705417465.7,2024-01-16 16:04:25.700000,7,88,1705418058.391,2024-01-16 16:14:18.391000,1.056,1705418159.78,2024-01-16 16:15:59.780000,3,B0041RUM0Q
B0ARNFCRSNEXAS,True,task1,batch1,unit_5,1,1,5,Confidence,1705417465.7,2024-01-16 16:04:25.700000,8,83,1705418058.529,2024-01-16 16:14:18.529000,0.138,1705418159.78,2024-01-16 16:15:59.780000,3,B0041RUM0Q
B0ARNFCRSNEXAS,True,task1,batch1,unit_5,1,1,5,Confidence,1705417465.7,2024-01-16 16:04:25.700000,9,77,1705418058.835,2024-01-16 16:14:18.835000,0.306,1705418159.78,2024-01-16 16:15:59.780000,3,B0041RUM0Q
B0ARNFCRSNEXAS,True,task1,batch1,unit_5,1,1,5,Confidence,1705417465.7,2024-01-16 16:04:25.700000,10,72,1705418058.987,2024-01-16 16:14:18.987000,0.152,1705418159.78,2024-01-16 16:15:59.780000,3,B0041RUM0Q
B0ARNFCRSNEXAS,True,task1,batch1,unit_5,1,1,5,Confidence,1705417465.7,2024-01-16 16:04:25.700000,11,88,1705418060.377,2024-01-16 16:14:20.377000,1.39,1705418159.78,2024-01-16 16:15:59.780000,3,B0041RUM0Q
B0ARNFCRSNEXAS,True,task1,batch1,unit_5,1,1,5,Confidence,1705417465.7,2024-01-16 16:04:25.700000,12,84,1705418061.051,2024-01-16 16:14:21.051000,0.674,1705418159.78,2024-01-16 16:15:59.780000,3,B0041RUM0Q
B0ARNFCRSNEXAS,True,task1,batch1,unit_5,1,1,5,Confidence,1705417465.7,2024-01-16 16:04:25.700000,13,74,1705418061.204,2024-01-16 16:14:21.204000,0.153,1705418159.78,2024-01-16 16:15:59.780000,3,B0041RUM0Q
B0ARNFCRSNEXAS,True,task1,batch1,unit_5,1,1,5,Confidence,1705417465.7,2024-01-16 16:04:25.700000,14,68,1705418061.344,2024-01-16 16:14:21.344000,0.14,1705418159.78,2024-01-16 16:15:59.780000,3,B0041RUM0Q
B0ARNFCRSNEXAS,True,task1,batch1,unit_5,1,1,5,Confidence,1705417465.7,2024-01-16 16:04:25.700000,15,64,1705418061.494,2024-01-16 16:14:21.494000,0.15,1705418159.78,2024-01-16 16:15:59.780000,3,B0041RUM0Q
B0ARNFCRSNEXAS,True,task1,batch1,unit_5,1,1,5,Confidence,1705417465.7,2024-01-16 16:04:25.700000,16,66,1705418061.626,2024-01-16 16:14:21.626000,0.132,1705418159.78,2024-01-16 16:15:59.780000,3,B0041RUM0Q
B0ARNFCRSNEXAS,True,task1,batch1,unit_5,1,1,5,Confidence,1705417465.7,2024-01-16 16:04:25.700000,17,94,1705418062.108,2024-01-16 16:14:22.108000,0.482,1705418159.78,2024-01-16 16:15:59.780000,3,B0041RUM0Q
B0ARNFCRSNEXAS,True,task1,batch1,unit_5,1,1,5,Confidence,1705417465.7,2024-01-16 16:04:25.700000,18,93,1705418062.275,2024-01-16 16:14:22.275000,0.167,1705418159.78,2024-01-16 16:15:59.780000,3,B0041RUM0Q
B0ARNFCRSNEXAS,True,task1,batch1,unit_5,1,1,5,Confidence,1705417465.7,2024-01-16 16:04:25.700000,19,92,1705418062.419,2024-01-16 16:14:22.419000,0.144,1705418159.78,2024-01-16 16:15:59.780000,3,B0041RUM0Q
B0ARNFCRSNEXAS,True,task1,batch1,unit_5,1,1,5,Confidence,1705417465.7,2024-01-16 16:04:25.700000,20,87,1705418062.586,2024-01-16 16:14:22.586000,0.167,1705418159.78,2024-01-16 16:15:59.780000,3,B0041RUM0Q
B0ARNFCRSNEXAS,True,task1,batch1,unit_5,1,1,5,Confidence,1705417465.7,2024-01-16 16:04:25.700000,21,79,1705418062.716,2024-01-16 16:14:22.716000,0.13,1705418159.78,2024-01-16 16:15:59.780000,3,B0041RUM0Q
B0ARNFCRSNEXAS,True,task1,batch1,unit_5,1,1,5,Confidence,1705417465.7,2024-01-16 16:04:25.700000,22,76,1705418062.87,2024-01-16 16:14:22.870000,0.154,1705418159.78,2024-01-16 16:15:59.780000,3,B0041RUM0Q
B0ARNFCRSNEXAS,True,task1,batch1,unit_5,1,1,5,Confidence,1705417465.7,2024-01-16 16:04:25.700000,23,70,1705418063.026,2024-01-16 16:14:23.026000,0.156,1705418159.78,2024-01-16 16:15:59.780000,3,B0041RUM0Q
B0ARNFCRSNEXAS,True,task1,batch1,unit_5,1,1,5,Confidence,1705417465.7,2024-01-16 16:04:25.700000,24,62,1705418063.176,2024-01-16 16:14:23.176000,0.15,1705418159.78,2024-01-16 16:15:59.780000,3,B0041RUM0Q
B0ARNFCRSNEXAS,True,task1,batch1,unit_5,1,1,5,Confidence,1705417465.7,2024-01-16 16:04:25.700000,25,57,1705418063.301,2024-01-16 16:14:23.301000,0.125,1705418159.78,2024-01-16 16:15:59.780000,3,B0041RUM0Q
B0ARNFCRSNEXAS,True,task1,batch1,unit_5,1,1,5,Confidence,1705417465.7,2024-01-16 16:04:25.700000,26,49,1705418063.451,2024-01-16 16:14:23.451000,0.15,1705418159.78,2024-01-16 16:15:59.780000,3,B0041RUM0Q
B0ARNFCRSNEXAS,True,task1,batch1,unit_5,1,1,5,Confidence,1705417465.7,2024-01-16 16:04:25.700000,27,43,1705418063.585,2024-01-16 16:14:23.585000,0.134,1705418159.78,2024-01-16 16:15:59.780000,3,B0041RUM0Q
B0ARNFCRSNEXAS,True,task1,batch1,unit_5,1,1,5,Confidence,1705417465.7,2024-01-16 16:04:25.700000,28,41,1705418063.71,2024-01-16 16:14:23.710000,0.125,1705418159.78,2024-01-16 16:15:59.780000,3,B0041RUM0Q
B0ARNFCRSNEXAS,True,task1,batch1,unit_5,1,1,5,Confidence,1705417465.7,2024-01-16 16:04:25.700000,29,63,1705418063.868,2024-01-16 16:14:23.868000,0.158,1705418159.78,2024-01-16 16:15:59.780000,3,B0041RUM0Q
B0ARNFCRSNEXAS,True,task1,batch1,unit_5,1,1,5,Confidence,1705417465.7,2024-01-16 16:04:25.700000,30,75,1705418064.018,2024-01-16 16:14:24.018000,0.15,1705418159.78,2024-01-16 16:15:59.780000,3,B0041RUM0Q
B0ARNFCRSNEXAS,True,task1,batch1,unit_5,1,1,5,Confidence,1705417465.7,2024-01-16 16:04:25.700000,31,84,1705418064.171,2024-01-16 16:14:24.171000,0.153,1705418159.78,2024-01-16 16:15:59.780000,3,B0041RUM0Q
B0ARNFCRSNEXAS,True,task1,batch1,unit_5,1,1,5,Confidence,1705417465.7,2024-01-16 16:04:25.700000,32,92,1705418064.319,2024-01-16 16:14:24.319000,0.148,1705418159.78,2024-01-16 16:15:59.780000,3,B0041RUM0Q
B0ARNFCRSNEXAS,True,task1,batch1,unit_5,1,1,5,Confidence,1705417465.7,2024-01-16 16:04:25.700000,33,95,1705418064.468,2024-01-16 16:14:24.468000,0.149,1705418159.78,2024-01-16 16:15:59.780000,3,B0041RUM0Q
B0ARNFCRSNEXAS,True,task1,batch1,unit_5,1,1,5,Confidence,1705417465.7,2024-01-16 16:04:25.700000,34,82,1705418064.767,2024-01-16 16:14:24.767000,0.299,1705418159.78,2024-01-16 16:15:59.780000,3,B0041RUM0Q
B0ARNFCRSNEXAS,True,task1,batch1,unit_5,1,1,5,Confidence,1705417465.7,2024-01-16 16:04:25.700000,35,73,1705418064.928,2024-01-16 16:14:24.928000,0.161,1705418159.78,2024-01-16 16:15:59.780000,3,B0041RUM0Q
B0ARNFCRSNEXAS,True,task1,batch1,unit_5,1,1,5,Confidence,1705417465.7,2024-01-16 16:04:25.700000,36,54,1705418065.202,2024-01-16 16:14:25.202000,0.274,1705418159.78,2024-01-16 16:15:59.780000,3,B0041RUM0Q
B0ARNFCRSNEXAS,True,task1,batch1,unit_5,1,1,5,Confidence,1705417465.7,2024-01-16 16:04:25.700000,37,36,1705418065.386,2024-01-16 16:14:25.386000,0.184,1705418159.78,2024-01-16 16:15:59.780000,3,B0041RUM0Q
B0ARNFCRSNEXAS,True,task1,batch1,unit_5,1,1,5,Confidence,1705417465.7,2024-01-16 16:04:25.700000,38,48,1705418066.075,2024-01-16 16:14:26.075000,0.689,1705418159.78,2024-01-16 16:15:59.780000,3,B0041RUM0Q
B0ARNFCRSNEXAS,True,task1,batch1,unit_5,1,1,5,Confidence,1705417465.7,2024-01-16 16:04:25.700000,39,77,1705418068.617,2024-01-16 16:14:28.617000,2.542,1705418159.78,2024-01-16 16:15:59.780000,3,B0041RUM0Q
B0ARNFCRSNEXAS,True,task1,batch1,unit_5,1,1,5,Confidence,1705417465.7,2024-01-16 16:04:25.700000,40,88,1705418069.83,2024-01-16 16:14:29.830000,1.213,1705418159.78,2024-01-16 16:15:59.780000,3,B0041RUM0Q
B0ARNFCRSNEXAS,True,task1,batch1,unit_5,1,1,5,Confidence,1705417465.7,2024-01-16 16:04:25.700000,41,61,1705418071.028,2024-01-16 16:14:31.028000,1.198,1705418159.78,2024-01-16 16:15:59.780000,3,B0041RUM0Q
B0ARNFCRSNEXAS,True,task1,batch1,unit_5,1,1,5,Confidence,1705417465.7,2024-01-16 16:04:25.700000,42,84,1705418074.451,2024-01-16 16:14:34.451000,3.423,1705418159.78,2024-01-16 16:15:59.780000,3,B0041RUM0Q
B0ARNFCRSNEXAS,True,task1,batch1,unit_5,1,1,5,Confidence,1705417465.7,2024-01-16 16:04:25.700000,43,79,1705418077.31,2024-01-16 16:14:37.310000,2.859,1705418159.78,2024-01-16 16:15:59.780000,3,B0041RUM0Q
B0ARNFCRSNEXAS,True,task1,batch1,unit_5,1,1,5,Confidence,1705417465.7,2024-01-16 16:04:25.700000,44,61,1705418084.177,2024-01-16 16:14:44.177000,6.867,1705418159.78,2024-01-16 16:15:59.780000,3,B0041RUM0Q
B0ARNFCRSNEXAS,True,task1,batch1,unit_5,1,1,5,Confidence,1705417465.7,2024-01-16 16:04:25.700000,45,47,1705418084.617,2024-01-16 16:14:44.617000,0.44,1705418159.78,2024-01-16 16:15:59.780000,3,B0041RUM0Q
B0ARNFCRSNEXAS,True,task1,batch1,unit_5,1,1,5,Confidence,1705417465.7,2024-01-16 16:04:25.700000,46,40,1705418084.878,2024-01-16 16:14:44.878000,0.261,1705418159.78,2024-01-16 16:15:59.780000,3,B0041RUM0Q
B0ARNFCRSNEXAS,True,task1,batch1,unit_5,1,1,5,Confidence,1705417465.7,2024-01-16 16:04:25.700000,47,36,1705418085.044,2024-01-16 16:14:45.044000,0.166,1705418159.78,2024-01-16 16:15:59.780000,3,B0041RUM0Q
B0ARNFCRSNEXAS,True,task1,batch1,unit_5,1,1,5,Confidence,1705417465.7,2024-01-16 16:04:25.700000,48,31,1705418085.185,2024-01-16 16:14:45.185000,0.141,1705418159.78,2024-01-16 16:15:59.780000,3,B0041RUM0Q
B0ARNFCRSNEXAS,True,task1,batch1,unit_5,1,1,5,Confidence,1705417465.7,2024-01-16 16:04:25.700000,49,72,1705418088.167,2024-01-16 16:14:48.167000,2.982,1705418159.78,2024-01-16 16:15:59.780000,3,B0041RUM0Q
B0ARNFCRSNEXAS,True,task1,batch1,unit_5,1,1,5,Confidence,1705417465.7,2024-01-16 16:04:25.700000,50,95,1705418088.512,2024-01-16 16:14:48.512000,0.345,1705418159.78,2024-01-16 16:15:59.780000,3,B0041RUM0Q
B0ARNFCRSNEXAS,True,task1,batch1,unit_5,1,1,5,Confidence,1705417465.7,2024-01-16 16:04:25.700000,51,86,1705418088.927,2024-01-16 16:14:48.927000,0.415,1705418159.78,2024-01-16 16:15:59.780000,3,B0041RUM0Q
B0ARNFCRSNEXAS,True,task1,batch1,unit_5,1,1,5,Confidence,1705417465.7,2024-01-16 16:04:25.700000,52,62,1705418089.084,2024-01-16 16:14:49.084000,0.157,1705418159.78,2024-01-16 16:15:59.780000,3,B0041RUM0Q
B0ARNFCRSNEXAS,True,task1,batch1,unit_5,1,1,5,Confidence,1705417465.7,2024-01-16 16:04:25.700000,53,51,1705418089.39,2024-01-16 16:14:49.390000,0.306,1705418159.78,2024-01-16 16:15:59.780000,3,B0041RUM0Q
B0ARNFCRSNEXAS,True,task1,batch1,unit_5,1,1,5,Confidence,1705417465.7,2024-01-16 16:04:25.700000,54,45,1705418089.536,2024-01-16 16:14:49.536000,0.146,1705418159.78,2024-01-16 16:15:59.780000,3,B0041RUM0Q
B0ARNFCRSNEXAS,True,task1,batch1,unit_5,1,1,5,Confidence,1705417465.7,2024-01-16 16:04:25.700000,55,35,1705418089.674,2024-01-16 16:14:49.674000,0.138,1705418159.78,2024-01-16 16:15:59.780000,3,B0041RUM0Q
B0ARNFCRSNEXAS,True,task1,batch1,unit_5,1,1,5,Confidence,1705417465.7,2024-01-16 16:04:25.700000,56,24,1705418089.818,2024-01-16 16:14:49.818000,0.144,1705418159.78,2024-01-16 16:15:59.780000,3,B0041RUM0Q
B0ARNFCRSNEXAS,True,task1,batch1,unit_5,1,1,5,Confidence,1705417465.7,2024-01-16 16:04:25.700000,57,20,1705418089.889,2024-01-16 16:14:49.889000,0.071,1705418159.78,2024-01-16 16:15:59.780000,3,B0041RUM0Q
B0ARNFCRSNEXAS,True,task1,batch1,unit_5,1,1,5,Confidence,1705417465.7,2024-01-16 16:04:25.700000,58,35,1705418090.401,2024-01-16 16:14:50.401000,0.512,1705418159.78,2024-01-16 16:15:59.780000,3,B0041RUM0Q
B0ARNFCRSNEXAS,True,task1,batch1,unit_5,1,1,5,Confidence,1705417465.7,2024-01-16 16:04:25.700000,59,73,1705418090.657,2024-01-16 16:14:50.657000,0.256,1705418159.78,2024-01-16 16:15:59.780000,3,B0041RUM0Q
B0ARNFCRSNEXAS,True,task1,batch1,unit_5,1,1,5,Confidence,1705417465.7,2024-01-16 16:04:25.700000,60,91,1705418090.873,2024-01-16 16:14:50.873000,0.216,1705418159.78,2024-01-16 16:15:59.780000,3,B0041RUM0Q
B0ARNFCRSNEXAS,True,task1,batch1,unit_5,1,1,5,Confidence,1705417465.7,2024-01-16 16:04:25.700000,61,98,1705418091.053,2024-01-16 16:14:51.053000,0.18,1705418159.78,2024-01-16 16:15:59.780000,3,B0041RUM0Q
B0ARNFCRSNEXAS,True,task1,batch1,unit_5,1,1,5,Confidence,1705417465.7,2024-01-16 16:04:25.700000,62,65,1705418091.356,2024-01-16 16:14:51.356000,0.303,1705418159.78,2024-01-16 16:15:59.780000,3,B0041RUM0Q
B0ARNFCRSNEXAS,True,task1,batch1,unit_5,1,1,5,Confidence,1705417465.7,2024-01-16 16:04:25.700000,63,59,1705418091.537,2024-01-16 16:14:51.537000,0.181,1705418159.78,2024-01-16 16:15:59.780000,3,B0041RUM0Q
B0ARNFCRSNEXAS,True,task1,batch1,unit_5,1,1,5,Confidence,1705417465.7,2024-01-16 16:04:25.700000,64,45,1705418091.678,2024-01-16 16:14:51.678000,0.141,1705418159.78,2024-01-16 16:15:59.780000,3,B0041RUM0Q
B0ARNFCRSNEXAS,True,task1,batch1,unit_5,1,1,5,Confidence,1705417465.7,2024-01-16 16:04:25.700000,65,30,1705418091.826,2024-01-16 16:14:51.826000,0.148,1705418159.78,2024-01-16 16:15:59.780000,3,B0041RUM0Q
B0ARNFCRSNEXAS,True,task1,batch1,unit_5,1,1,5,Confidence,1705417465.7,2024-01-16 16:04:25.700000,66,24,1705418091.949,2024-01-16 16:14:51.949000,0.123,1705418159.78,2024-01-16 16:15:59.780000,3,B0041RUM0Q
B0ARNFCRSNEXAS,True,task1,batch1,unit_5,1,1,5,Confidence,1705417465.7,2024-01-16 16:04:25.700000,67,71,1705418095.907,2024-01-16 16:14:55.907000,3.958,1705418159.78,2024-01-16 16:15:59.780000,3,B0041RUM0Q
B0ARNFCRSNEXAS,True,task1,batch1,unit_5,1,1,5,Confidence,1705417465.7,2024-01-16 16:04:25.700000,0,77,1705418211.005,2024-01-16 16:16:51.005000,745.305,1705418159.78,2024-01-16 16:15:59.780000,4,B000O39U3Q
B0ARNFCRSNEXAS,True,task1,batch1,unit_5,1,1,5,Confidence,1705417465.7,2024-01-16 16:04:25.700000,1,83,1705418212.383,2024-01-16 16:16:52.383000,1.378,1705418159.78,2024-01-16 16:15:59.780000,4,B000O39U3Q
DLNY6ZIJOABZLJ,False,task1,batch1,unit_2,1,1,5,Confidence,1705503175.57,2024-01-17 15:52:55.570000,0,60,1705503337.363,2024-01-17 15:55:37.363000,161.793,1705503175.57,2024-01-17 15:52:55.570000,0,B00QTSR5GO
HAA3KNPKCB5DSG,True,task1,batch1,unit_11,1,1,5,Confidence,1705429510.55,2024-01-16 19:25:10.550000,0,90,1705429620.204,2024-01-16 19:27:00.204000,109.654,1705433595.68,2024-01-16 20:33:15.680000,0,B0001DHQPI
HAA3KNPKCB5DSG,True,task1,batch1,unit_11,1,1,5,Confidence,1705429510.55,2024-01-16 19:25:10.550000,0,100,1705429760.109,2024-01-16 19:29:20.109000,249.559,1705433595.68,2024-01-16 20:33:15.680000,1,B00006JN5L
HAA3KNPKCB5DSG,True,task1,batch1,unit_11,1,1,5,Confidence,1705429510.55,2024-01-16 19:25:10.550000,0,100,1705429818.044,2024-01-16 19:30:18.044000,307.494,1705433595.68,2024-01-16 20:33:15.680000,2,B00QTSR5GO
HAA3KNPKCB5DSG,True,task1,batch1,unit_11,1,1,5,Confidence,1705429510.55,2024-01-16 19:25:10.550000,0,95,1705433527.071,2024-01-16 20:32:07.071000,4016.521,1705433595.68,2024-01-16 20:33:15.680000,3,B005ZNWT4C
HAA3KNPKCB5DSG,True,task1,batch1,unit_11,1,1,5,Confidence,1705429510.55,2024-01-16 19:25:10.550000,1,100,1705433527.808,2024-01-16 20:32:07.808000,0.737,1705433595.68,2024-01-16 20:33:15.680000,3,B005ZNWT4C
HAA3KNPKCB5DSG,True,task1,batch1,unit_11,1,1,5,Confidence,1705429510.55,2024-01-16 19:25:10.550000,0,70,1705433663.929,2024-01-16 20:34:23.929000,4153.379,1705433595.68,2024-01-16 20:33:15.680000,4,B00004SVUZ
JLVBHXOL0E65XT,True,task1,batch1,unit_4,1,1,5,Confidence,1705417581.0,2024-01-16 16:06:21,0,80,1705417594.618,2024-01-16 16:06:34.618000,13.618,1705418100.21,2024-01-16 16:15:00.210000,0,B005ZNWT4C
JLVBHXOL0E65XT,True,task1,batch1,unit_4,1,1,5,Confidence,1705417581.0,2024-01-16 16:06:21,0,59,1705417768.94,2024-01-16 16:09:28.940000,187.94,1705418100.21,2024-01-16 16:15:00.210000,1,B0050SYWGU
JLVBHXOL0E65XT,True,task1,batch1,unit_4,1,1,5,Confidence,1705417581.0,2024-01-16 16:06:21,1,60,1705417774.178,2024-01-16 16:09:34.178000,5.238,1705418100.21,2024-01-16 16:15:00.210000,1,B0050SYWGU
JLVBHXOL0E65XT,True,task1,batch1,unit_4,1,1,5,Confidence,1705417581.0,2024-01-16 16:06:21,0,80,1705417860.246,2024-01-16 16:11:00.246000,279.246,1705418100.21,2024-01-16 16:15:00.210000,2,B01G6LXXWI
JLVBHXOL0E65XT,True,task1,batch1,unit_4,1,1,5,Confidence,1705417581.0,2024-01-16 16:06:21,1,90,1705417910.137,2024-01-16 16:11:50.137000,49.891,1705418100.21,2024-01-16 16:15:00.210000,2,B01G6LXXWI
JLVBHXOL0E65XT,True,task1,batch1,unit_4,1,1,5,Confidence,1705417581.0,2024-01-16 16:06:21,0,60,1705418047.905,2024-01-16 16:14:07.905000,466.905,1705418100.21,2024-01-16 16:15:00.210000,3,B0002KMHD6
JLVBHXOL0E65XT,True,task1,batch1,unit_4,1,1,5,Confidence,1705417581.0,2024-01-16 16:06:21,0,30,1705418121.821,2024-01-16 16:15:21.821000,540.821,1705418100.21,2024-01-16 16:15:00.210000,4,B001DYVHY0
KWJ2MEMELZHTD1,True,task1,batch1,unit_7,1,1,5,Confidence,1705425031.51,2024-01-16 18:10:31.510000,0,53,1705425067.936,2024-01-16 18:11:07.936000,36.426,1705426204.34,2024-01-16 18:30:04.340000,0,B00004SVUZ
KWJ2MEMELZHTD1,True,task1,batch1,unit_7,1,1,5,Confidence,1705425031.51,2024-01-16 18:10:31.510000,1,44,1705425070.869,2024-01-16 18:11:10.869000,2.933,1705426204.34,2024-01-16 18:30:04.340000,0,B00004SVUZ
KWJ2MEMELZHTD1,True,task1,batch1,unit_7,1,1,5,Confidence,1705425031.51,2024-01-16 18:10:31.510000,2,85,1705425073.811,2024-01-16 18:11:13.811000,2.942,1705426204.34,2024-01-16 18:30:04.340000,0,B00004SVUZ
KWJ2MEMELZHTD1,True,task1,batch1,unit_7,1,1,5,Confidence,1705425031.51,2024-01-16 18:10:31.510000,3,2,1705425075.453,2024-01-16 18:11:15.453000,1.642,1705426204.34,2024-01-16 18:30:04.340000,0,B00004SVUZ
KWJ2MEMELZHTD1,True,task1,batch1,unit_7,1,1,5,Confidence,1705425031.51,2024-01-16 18:10:31.510000,4,86,1705425076.433,2024-01-16 18:11:16.433000,0.98,1705426204.34,2024-01-16 18:30:04.340000,0,B00004SVUZ
KWJ2MEMELZHTD1,True,task1,batch1,unit_7,1,1,5,Confidence,1705425031.51,2024-01-16 18:10:31.510000,5,12,1705425077.339,2024-01-16 18:11:17.339000,0.906,1705426204.34,2024-01-16 18:30:04.340000,0,B00004SVUZ
KWJ2MEMELZHTD1,True,task1,batch1,unit_7,1,1,5,Confidence,1705425031.51,2024-01-16 18:10:31.510000,6,79,1705425078.515,2024-01-16 18:11:18.515000,1.176,1705426204.34,2024-01-16 18:30:04.340000,0,B00004SVUZ
KWJ2MEMELZHTD1,True,task1,batch1,unit_7,1,1,5,Confidence,1705425031.51,2024-01-16 18:10:31.510000,7,16,1705425082.117,2024-01-16 18:11:22.117000,3.602,1705426204.34,2024-01-16 18:30:04.340000,0,B00004SVUZ
KWJ2MEMELZHTD1,True,task1,batch1,unit_7,1,1,5,Confidence,1705425031.51,2024-01-16 18:10:31.510000,8,57,1705425082.816,2024-01-16 18:11:22.816000,0.699,1705426204.34,2024-01-16 18:30:04.340000,0,B00004SVUZ
KWJ2MEMELZHTD1,True,task1,batch1,unit_7,1,1,5,Confidence,1705425031.51,2024-01-16 18:10:31.510000,9,87,1705425083.535,2024-01-16 18:11:23.535000,0.719,1705426204.34,2024-01-16 18:30:04.340000,0,B00004SVUZ
KWJ2MEMELZHTD1,True,task1,batch1,unit_7,1,1,5,Confidence,1705425031.51,2024-01-16 18:10:31.510000,10,15,1705425084.663,2024-01-16 18:11:24.663000,1.128,1705426204.34,2024-01-16 18:30:04.340000,0,B00004SVUZ
KWJ2MEMELZHTD1,True,task1,batch1,unit_7,1,1,5,Confidence,1705425031.51,2024-01-16 18:10:31.510000,11,94,1705425211.998,2024-01-16 18:13:31.998000,127.335,1705426204.34,2024-01-16 18:30:04.340000,0,B00004SVUZ
KWJ2MEMELZHTD1,True,task1,batch1,unit_7,1,1,5,Confidence,1705425031.51,2024-01-16 18:10:31.510000,0,9,1705425352.129,2024-01-16 18:15:52.129000,320.619,1705426204.34,2024-01-16 18:30:04.340000,1,B015XC3B46
KWJ2MEMELZHTD1,True,task1,batch1,unit_7,1,1,5,Confidence,1705425031.51,2024-01-16 18:10:31.510000,1,68,1705425353.095,2024-01-16 18:15:53.095000,0.966,1705426204.34,2024-01-16 18:30:04.340000,1,B015XC3B46
KWJ2MEMELZHTD1,True,task1,batch1,unit_7,1,1,5,Confidence,1705425031.51,2024-01-16 18:10:31.510000,2,9,1705425353.925,2024-01-16 18:15:53.925000,0.83,1705426204.34,2024-01-16 18:30:04.340000,1,B015XC3B46
KWJ2MEMELZHTD1,True,task1,batch1,unit_7,1,1,5,Confidence,1705425031.51,2024-01-16 18:10:31.510000,12,90,1705425356.856,2024-01-16 18:15:56.856000,144.858,1705426204.34,2024-01-16 18:30:04.340000,0,B00004SVUZ
KWJ2MEMELZHTD1,True,task1,batch1,unit_7,1,1,5,Confidence,1705425031.51,2024-01-16 18:10:31.510000,13,97,1705425357.332,2024-01-16 18:15:57.332000,0.476,1705426204.34,2024-01-16 18:30:04.340000,0,B00004SVUZ
KWJ2MEMELZHTD1,True,task1,batch1,unit_7,1,1,5,Confidence,1705425031.51,2024-01-16 18:10:31.510000,14,94,1705425357.728,2024-01-16 18:15:57.728000,0.396,1705426204.34,2024-01-16 18:30:04.340000,0,B00004SVUZ
KWJ2MEMELZHTD1,True,task1,batch1,unit_7,1,1,5,Confidence,1705425031.51,2024-01-16 18:10:31.510000,15,89,1705425358.412,2024-01-16 18:15:58.412000,0.684,1705426204.34,2024-01-16 18:30:04.340000,0,B00004SVUZ
KWJ2MEMELZHTD1,True,task1,batch1,unit_7,1,1,5,Confidence,1705425031.51,2024-01-16 18:10:31.510000,16,95,1705425358.721,2024-01-16 18:15:58.721000,0.309,1705426204.34,2024-01-16 18:30:04.340000,0,B00004SVUZ
KWJ2MEMELZHTD1,True,task1,batch1,unit_7,1,1,5,Confidence,1705425031.51,2024-01-16 18:10:31.510000,17,97,1705425359.056,2024-01-16 18:15:59.056000,0.335,1705426204.34,2024-01-16 18:30:04.340000,0,B00004SVUZ
KWJ2MEMELZHTD1,True,task1,batch1,unit_7,1,1,5,Confidence,1705425031.51,2024-01-16 18:10:31.510000,18,94,1705425361.208,2024-01-16 18:16:01.208000,2.152,1705426204.34,2024-01-16 18:30:04.340000,0,B00004SVUZ
KWJ2MEMELZHTD1,True,task1,batch1,unit_7,1,1,5,Confidence,1705425031.51,2024-01-16 18:10:31.510000,19,82,1705425379.652,2024-01-16 18:16:19.652000,18.444,1705426204.34,2024-01-16 18:30:04.340000,0,B00004SVUZ
KWJ2MEMELZHTD1,True,task1,batch1,unit_7,1,1,5,Confidence,1705425031.51,2024-01-16 18:10:31.510000,20,92,1705425380.666,2024-01-16 18:16:20.666000,1.014,1705426204.34,2024-01-16 18:30:04.340000,0,B00004SVUZ
KWJ2MEMELZHTD1,True,task1,batch1,unit_7,1,1,5,Confidence,1705425031.51,2024-01-16 18:10:31.510000,21,83,1705425381.32,2024-01-16 18:16:21.320000,0.654,1705426204.34,2024-01-16 18:30:04.340000,0,B00004SVUZ
KWJ2MEMELZHTD1,True,task1,batch1,unit_7,1,1,5,Confidence,1705425031.51,2024-01-16 18:10:31.510000,22,3,1705425385.468,2024-01-16 18:16:25.468000,4.148,1705426204.34,2024-01-16 18:30:04.340000,0,B00004SVUZ
KWJ2MEMELZHTD1,True,task1,batch1,unit_7,1,1,5,Confidence,1705425031.51,2024-01-16 18:10:31.510000,23,14,1705425386.202,2024-01-16 18:16:26.202000,0.734,1705426204.34,2024-01-16 18:30:04.340000,0,B00004SVUZ
KWJ2MEMELZHTD1,True,task1,batch1,unit_7,1,1,5,Confidence,1705425031.51,2024-01-16 18:10:31.510000,24,5,1705425386.718,2024-01-16 18:16:26.718000,0.516,1705426204.34,2024-01-16 18:30:04.340000,0,B00004SVUZ
KWJ2MEMELZHTD1,True,task1,batch1,unit_7,1,1,5,Confidence,1705425031.51,2024-01-16 18:10:31.510000,25,0,1705425387.176,2024-01-16 18:16:27.176000,0.458,1705426204.34,2024-01-16 18:30:04.340000,0,B00004SVUZ
KWJ2MEMELZHTD1,True,task1,batch1,unit_7,1,1,5,Confidence,1705425031.51,2024-01-16 18:10:31.510000,26,13,1705425387.74,2024-01-16 18:16:27.740000,0.564,1705426204.34,2024-01-16 18:30:04.340000,0,B00004SVUZ
KWJ2MEMELZHTD1,True,task1,batch1,unit_7,1,1,5,Confidence,1705425031.51,2024-01-16 18:10:31.510000,27,21,1705425388.248,2024-01-16 18:16:28.248000,0.508,1705426204.34,2024-01-16 18:30:04.340000,0,B00004SVUZ
KWJ2MEMELZHTD1,True,task1,batch1,unit_7,1,1,5,Confidence,1705425031.51,2024-01-16 18:10:31.510000,28,8,1705425388.684,2024-01-16 18:16:28.684000,0.436,1705426204.34,2024-01-16 18:30:04.340000,0,B00004SVUZ
KWJ2MEMELZHTD1,True,task1,batch1,unit_7,1,1,5,Confidence,1705425031.51,2024-01-16 18:10:31.510000,29,2,1705425389.206,2024-01-16 18:16:29.206000,0.522,1705426204.34,2024-01-16 18:30:04.340000,0,B00004SVUZ
KWJ2MEMELZHTD1,True,task1,batch1,unit_7,1,1,5,Confidence,1705425031.51,2024-01-16 18:10:31.510000,30,12,1705425389.684,2024-01-16 18:16:29.684000,0.478,1705426204.34,2024-01-16 18:30:04.340000,0,B00004SVUZ
KWJ2MEMELZHTD1,True,task1,batch1,unit_7,1,1,5,Confidence,1705425031.51,2024-01-16 18:10:31.510000,31,5,1705425393.098,2024-01-16 18:16:33.098000,3.414,1705426204.34,2024-01-16 18:30:04.340000,0,B00004SVUZ
KWJ2MEMELZHTD1,True,task1,batch1,unit_7,1,1,5,Confidence,1705425031.51,2024-01-16 18:10:31.510000,32,14,1705425396.07,2024-01-16 18:16:36.070000,2.972,1705426204.34,2024-01-16 18:30:04.340000,0,B00004SVUZ
KWJ2MEMELZHTD1,True,task1,batch1,unit_7,1,1,5,Confidence,1705425031.51,2024-01-16 18:10:31.510000,33,8,1705425396.626,2024-01-16 18:16:36.626000,0.556,1705426204.34,2024-01-16 18:30:04.340000,0,B00004SVUZ
KWJ2MEMELZHTD1,True,task1,batch1,unit_7,1,1,5,Confidence,1705425031.51,2024-01-16 18:10:31.510000,34,3,1705425397.104,2024-01-16 18:16:37.104000,0.478,1705426204.34,2024-01-16 18:30:04.340000,0,B00004SVUZ
KWJ2MEMELZHTD1,True,task1,batch1,unit_7,1,1,5,Confidence,1705425031.51,2024-01-16 18:10:31.510000,35,10,1705425397.61,2024-01-16 18:16:37.610000,0.506,1705426204.34,2024-01-16 18:30:04.340000,0,B00004SVUZ
KWJ2MEMELZHTD1,True,task1,batch1,unit_7,1,1,5,Confidence,1705425031.51,2024-01-16 18:10:31.510000,36,16,1705425397.908,2024-01-16 18:16:37.908000,0.298,1705426204.34,2024-01-16 18:30:04.340000,0,B00004SVUZ
KWJ2MEMELZHTD1,True,task1,batch1,unit_7,1,1,5,Confidence,1705425031.51,2024-01-16 18:10:31.510000,37,24,1705425398.143,2024-01-16 18:16:38.143000,0.235,1705426204.34,2024-01-16 18:30:04.340000,0,B00004SVUZ
KWJ2MEMELZHTD1,True,task1,batch1,unit_7,1,1,5,Confidence,1705425031.51,2024-01-16 18:10:31.510000,38,94,1705425414.388,2024-01-16 18:16:54.388000,16.245,1705426204.34,2024-01-16 18:30:04.340000,0,B00004SVUZ
KWJ2MEMELZHTD1,True,task1,batch1,unit_7,1,1,5,Confidence,1705425031.51,2024-01-16 18:10:31.510000,3,81,1705425558.244,2024-01-16 18:19:18.244000,204.319,1705426204.34,2024-01-16 18:30:04.340000,1,B015XC3B46
KWJ2MEMELZHTD1,True,task1,batch1,unit_7,1,1,5,Confidence,1705425031.51,2024-01-16 18:10:31.510000,4,90,1705425561.867,2024-01-16 18:19:21.867000,3.623,1705426204.34,2024-01-16 18:30:04.340000,1,B015XC3B46
KWJ2MEMELZHTD1,True,task1,batch1,unit_7,1,1,5,Confidence,1705425031.51,2024-01-16 18:10:31.510000,5,64,1705425600.486,2024-01-16 18:20:00.486000,38.619,1705426204.34,2024-01-16 18:30:04.340000,1,B015XC3B46
KWJ2MEMELZHTD1,True,task1,batch1,unit_7,1,1,5,Confidence,1705425031.51,2024-01-16 18:10:31.510000,6,46,1705425640.074,2024-01-16 18:20:40.074000,39.588,1705426204.34,2024-01-16 18:30:04.340000,1,B015XC3B46
KWJ2MEMELZHTD1,True,task1,batch1,unit_7,1,1,5,Confidence,1705425031.51,2024-01-16 18:10:31.510000,0,75,1705425795.651,2024-01-16 18:23:15.651000,764.141,1705426204.34,2024-01-16 18:30:04.340000,2,B000O39U3Q
KWJ2MEMELZHTD1,True,task1,batch1,unit_7,1,1,5,Confidence,1705425031.51,2024-01-16 18:10:31.510000,0,14,1705425949.931,2024-01-16 18:25:49.931000,918.421,1705426204.34,2024-01-16 18:30:04.340000,3,B0002KMHD6
KWJ2MEMELZHTD1,True,task1,batch1,unit_7,1,1,5,Confidence,1705425031.51,2024-01-16 18:10:31.510000,1,0,1705425950.221,2024-01-16 18:25:50.221000,0.29,1705426204.34,2024-01-16 18:30:04.340000,3,B0002KMHD6
KWJ2MEMELZHTD1,True,task1,batch1,unit_7,1,1,5,Confidence,1705425031.51,2024-01-16 18:10:31.510000,2,26,1705425950.578,2024-01-16 18:25:50.578000,0.357,1705426204.34,2024-01-16 18:30:04.340000,3,B0002KMHD6
KWJ2MEMELZHTD1,True,task1,batch1,unit_7,1,1,5,Confidence,1705425031.51,2024-01-16 18:10:31.510000,3,38,1705425950.815,2024-01-16 18:25:50.815000,0.237,1705426204.34,2024-01-16 18:30:04.340000,3,B0002KMHD6
KWJ2MEMELZHTD1,True,task1,batch1,unit_7,1,1,5,Confidence,1705425031.51,2024-01-16 18:10:31.510000,4,52,1705425950.99,2024-01-16 18:25:50.990000,0.175,1705426204.34,2024-01-16 18:30:04.340000,3,B0002KMHD6
KWJ2MEMELZHTD1,True,task1,batch1,unit_7,1,1,5,Confidence,1705425031.51,2024-01-16 18:10:31.510000,5,63,1705425951.314,2024-01-16 18:25:51.314000,0.324,1705426204.34,2024-01-16 18:30:04.340000,3,B0002KMHD6
KWJ2MEMELZHTD1,True,task1,batch1,unit_7,1,1,5,Confidence,1705425031.51,2024-01-16 18:10:31.510000,6,70,1705425951.494,2024-01-16 18:25:51.494000,0.18,1705426204.34,2024-01-16 18:30:04.340000,3,B0002KMHD6
KWJ2MEMELZHTD1,True,task1,batch1,unit_7,1,1,5,Confidence,1705425031.51,2024-01-16 18:10:31.510000,7,85,1705425951.827,2024-01-16 18:25:51.827000,0.333,1705426204.34,2024-01-16 18:30:04.340000,3,B0002KMHD6
KWJ2MEMELZHTD1,True,task1,batch1,unit_7,1,1,5,Confidence,1705425031.51,2024-01-16 18:10:31.510000,8,40,1705425952.69,2024-01-16 18:25:52.690000,0.863,1705426204.34,2024-01-16 18:30:04.340000,3,B0002KMHD6
KWJ2MEMELZHTD1,True,task1,batch1,unit_7,1,1,5,Confidence,1705425031.51,2024-01-16 18:10:31.510000,9,30,1705425952.907,2024-01-16 18:25:52.907000,0.217,1705426204.34,2024-01-16 18:30:04.340000,3,B0002KMHD6
KWJ2MEMELZHTD1,True,task1,batch1,unit_7,1,1,5,Confidence,1705425031.51,2024-01-16 18:10:31.510000,10,20,1705425953.082,2024-01-16 18:25:53.082000,0.175,1705426204.34,2024-01-16 18:30:04.340000,3,B0002KMHD6
KWJ2MEMELZHTD1,True,task1,batch1,unit_7,1,1,5,Confidence,1705425031.51,2024-01-16 18:10:31.510000,11,12,1705425953.251,2024-01-16 18:25:53.251000,0.169,1705426204.34,2024-01-16 18:30:04.340000,3,B0002KMHD6
KWJ2MEMELZHTD1,True,task1,batch1,unit_7,1,1,5,Confidence,1705425031.51,2024-01-16 18:10:31.510000,12,10,1705425953.419,2024-01-16 18:25:53.419000,0.168,1705426204.34,2024-01-16 18:30:04.340000,3,B0002KMHD6
KWJ2MEMELZHTD1,True,task1,batch1,unit_7,1,1,5,Confidence,1705425031.51,2024-01-16 18:10:31.510000,13,21,1705425953.613,2024-01-16 18:25:53.613000,0.194,1705426204.34,2024-01-16 18:30:04.340000,3,B0002KMHD6
KWJ2MEMELZHTD1,True,task1,batch1,unit_7,1,1,5,Confidence,1705425031.51,2024-01-16 18:10:31.510000,14,26,1705425953.767,2024-01-16 18:25:53.767000,0.154,1705426204.34,2024-01-16 18:30:04.340000,3,B0002KMHD6
KWJ2MEMELZHTD1,True,task1,batch1,unit_7,1,1,5,Confidence,1705425031.51,2024-01-16 18:10:31.510000,15,32,1705425953.934,2024-01-16 18:25:53.934000,0.167,1705426204.34,2024-01-16 18:30:04.340000,3,B0002KMHD6
KWJ2MEMELZHTD1,True,task1,batch1,unit_7,1,1,5,Confidence,1705425031.51,2024-01-16 18:10:31.510000,16,38,1705425954.17,2024-01-16 18:25:54.170000,0.236,1705426204.34,2024-01-16 18:30:04.340000,3,B0002KMHD6
KWJ2MEMELZHTD1,True,task1,batch1,unit_7,1,1,5,Confidence,1705425031.51,2024-01-16 18:10:31.510000,17,49,1705425954.265,2024-01-16 18:25:54.265000,0.095,1705426204.34,2024-01-16 18:30:04.340000,3,B0002KMHD6
KWJ2MEMELZHTD1,True,task1,batch1,unit_7,1,1,5,Confidence,1705425031.51,2024-01-16 18:10:31.510000,18,60,1705425954.452,2024-01-16 18:25:54.452000,0.187,1705426204.34,2024-01-16 18:30:04.340000,3,B0002KMHD6
KWJ2MEMELZHTD1,True,task1,batch1,unit_7,1,1,5,Confidence,1705425031.51,2024-01-16 18:10:31.510000,19,69,1705425954.614,2024-01-16 18:25:54.614000,0.162,1705426204.34,2024-01-16 18:30:04.340000,3,B0002KMHD6
KWJ2MEMELZHTD1,True,task1,batch1,unit_7,1,1,5,Confidence,1705425031.51,2024-01-16 18:10:31.510000,20,85,1705425954.954,2024-01-16 18:25:54.954000,0.34,1705426204.34,2024-01-16 18:30:04.340000,3,B0002KMHD6
KWJ2MEMELZHTD1,True,task1,batch1,unit_7,1,1,5,Confidence,1705425031.51,2024-01-16 18:10:31.510000,21,71,1705425955.552,2024-01-16 18:25:55.552000,0.598,1705426204.34,2024-01-16 18:30:04.340000,3,B0002KMHD6
KWJ2MEMELZHTD1,True,task1,batch1,unit_7,1,1,5,Confidence,1705425031.51,2024-01-16 18:10:31.510000,22,52,1705425955.741,2024-01-16 18:25:55.741000,0.189,1705426204.34,2024-01-16 18:30:04.340000,3,B0002KMHD6
KWJ2MEMELZHTD1,True,task1,batch1,unit_7,1,1,5,Confidence,1705425031.51,2024-01-16 18:10:31.510000,23,35,1705425955.927,2024-01-16 18:25:55.927000,0.186,1705426204.34,2024-01-16 18:30:04.340000,3,B0002KMHD6
KWJ2MEMELZHTD1,True,task1,batch1,unit_7,1,1,5,Confidence,1705425031.51,2024-01-16 18:10:31.510000,24,21,1705425956.097,2024-01-16 18:25:56.097000,0.17,1705426204.34,2024-01-16 18:30:04.340000,3,B0002KMHD6
KWJ2MEMELZHTD1,True,task1,batch1,unit_7,1,1,5,Confidence,1705425031.51,2024-01-16 18:10:31.510000,25,13,1705425956.265,2024-01-16 18:25:56.265000,0.168,1705426204.34,2024-01-16 18:30:04.340000,3,B0002KMHD6
KWJ2MEMELZHTD1,True,task1,batch1,unit_7,1,1,5,Confidence,1705425031.51,2024-01-16 18:10:31.510000,26,12,1705425956.467,2024-01-16 18:25:56.467000,0.202,1705426204.34,2024-01-16 18:30:04.340000,3,B0002KMHD6
KWJ2MEMELZHTD1,True,task1,batch1,unit_7,1,1,5,Confidence,1705425031.51,2024-01-16 18:10:31.510000,27,30,1705425956.66,2024-01-16 18:25:56.660000,0.193,1705426204.34,2024-01-16 18:30:04.340000,3,B0002KMHD6
KWJ2MEMELZHTD1,True,task1,batch1,unit_7,1,1,5,Confidence,1705425031.51,2024-01-16 18:10:31.510000,28,37,1705425956.827,2024-01-16 18:25:56.827000,0.167,1705426204.34,2024-01-16 18:30:04.340000,3,B0002KMHD6
KWJ2MEMELZHTD1,True,task1,batch1,unit_7,1,1,5,Confidence,1705425031.51,2024-01-16 18:10:31.510000,29,48,1705425957.013,2024-01-16 18:25:57.013000,0.186,1705426204.34,2024-01-16 18:30:04.340000,3,B0002KMHD6
KWJ2MEMELZHTD1,True,task1,batch1,unit_7,1,1,5,Confidence,1705425031.51,2024-01-16 18:10:31.510000,30,11,1705425957.521,2024-01-16 18:25:57.521000,0.508,1705426204.34,2024-01-16 18:30:04.340000,3,B0002KMHD6
KWJ2MEMELZHTD1,True,task1,batch1,unit_7,1,1,5,Confidence,1705425031.51,2024-01-16 18:10:31.510000,31,6,1705425957.715,2024-01-16 18:25:57.715000,0.194,1705426204.34,2024-01-16 18:30:04.340000,3,B0002KMHD6
KWJ2MEMELZHTD1,True,task1,batch1,unit_7,1,1,5,Confidence,1705425031.51,2024-01-16 18:10:31.510000,32,4,1705425957.899,2024-01-16 18:25:57.899000,0.184,1705426204.34,2024-01-16 18:30:04.340000,3,B0002KMHD6
KWJ2MEMELZHTD1,True,task1,batch1,unit_7,1,1,5,Confidence,1705425031.51,2024-01-16 18:10:31.510000,33,11,1705425958.08,2024-01-16 18:25:58.080000,0.181,1705426204.34,2024-01-16 18:30:04.340000,3,B0002KMHD6
KWJ2MEMELZHTD1,True,task1,batch1,unit_7,1,1,5,Confidence,1705425031.51,2024-01-16 18:10:31.510000,34,18,1705425958.237,2024-01-16 18:25:58.237000,0.157,1705426204.34,2024-01-16 18:30:04.340000,3,B0002KMHD6
KWJ2MEMELZHTD1,True,task1,batch1,unit_7,1,1,5,Confidence,1705425031.51,2024-01-16 18:10:31.510000,35,29,1705425958.41,2024-01-16 18:25:58.410000,0.173,1705426204.34,2024-01-16 18:30:04.340000,3,B0002KMHD6
KWJ2MEMELZHTD1,True,task1,batch1,unit_7,1,1,5,Confidence,1705425031.51,2024-01-16 18:10:31.510000,36,41,1705425958.594,2024-01-16 18:25:58.594000,0.184,1705426204.34,2024-01-16 18:30:04.340000,3,B0002KMHD6
KWJ2MEMELZHTD1,True,task1,batch1,unit_7,1,1,5,Confidence,1705425031.51,2024-01-16 18:10:31.510000,37,55,1705425958.779,2024-01-16 18:25:58.779000,0.185,1705426204.34,2024-01-16 18:30:04.340000,3,B0002KMHD6
KWJ2MEMELZHTD1,True,task1,batch1,unit_7,1,1,5,Confidence,1705425031.51,2024-01-16 18:10:31.510000,38,67,1705425958.929,2024-01-16 18:25:58.929000,0.15,1705426204.34,2024-01-16 18:30:04.340000,3,B0002KMHD6
KWJ2MEMELZHTD1,True,task1,batch1,unit_7,1,1,5,Confidence,1705425031.51,2024-01-16 18:10:31.510000,39,86,1705425959.76,2024-01-16 18:25:59.760000,0.831,1705426204.34,2024-01-16 18:30:04.340000,3,B0002KMHD6
KWJ2MEMELZHTD1,True,task1,batch1,unit_7,1,1,5,Confidence,1705425031.51,2024-01-16 18:10:31.510000,40,94,1705425959.963,2024-01-16 18:25:59.963000,0.203,1705426204.34,2024-01-16 18:30:04.340000,3,B0002KMHD6
KWJ2MEMELZHTD1,True,task1,batch1,unit_7,1,1,5,Confidence,1705425031.51,2024-01-16 18:10:31.510000,41,78,1705426137.641,2024-01-16 18:28:57.641000,177.678,1705426204.34,2024-01-16 18:30:04.340000,3,B0002KMHD6
KWJ2MEMELZHTD1,True,task1,batch1,unit_7,1,1,5,Confidence,1705425031.51,2024-01-16 18:10:31.510000,0,74,1705426289.172,2024-01-16 18:31:29.172000,1257.662,1705426204.34,2024-01-16 18:30:04.340000,4,B0050SYWGU
KWJ2MEMELZHTD1,True,task1,batch1,unit_7,1,1,5,Confidence,1705425031.51,2024-01-16 18:10:31.510000,1,85,1705426293.403,2024-01-16 18:31:33.403000,4.231,1705426204.34,2024-01-16 18:30:04.340000,4,B0050SYWGU
L292E0RLKG4B7U,True,task1,batch1,unit_9,1,1,5,Confidence,1705426062.62,2024-01-16 18:27:42.620000,0,15,1705426081.891,2024-01-16 18:28:01.891000,19.271,1705427099.95,2024-01-16 18:44:59.950000,0,B003TO59D2
L292E0RLKG4B7U,True,task1,batch1,unit_9,1,1,5,Confidence,1705426062.62,2024-01-16 18:27:42.620000,1,23,1705426082.587,2024-01-16 18:28:02.587000,0.696,1705427099.95,2024-01-16 18:44:59.950000,0,B003TO59D2
L292E0RLKG4B7U,True,task1,batch1,unit_9,1,1,5,Confidence,1705426062.62,2024-01-16 18:27:42.620000,2,35,1705426083.02,2024-01-16 18:28:03.020000,0.433,1705427099.95,2024-01-16 18:44:59.950000,0,B003TO59D2
L292E0RLKG4B7U,True,task1,batch1,unit_9,1,1,5,Confidence,1705426062.62,2024-01-16 18:27:42.620000,3,45,1705426083.425,2024-01-16 18:28:03.425000,0.405,1705427099.95,2024-01-16 18:44:59.950000,0,B003TO59D2
L292E0RLKG4B7U,True,task1,batch1,unit_9,1,1,5,Confidence,1705426062.62,2024-01-16 18:27:42.620000,4,50,1705426083.796,2024-01-16 18:28:03.796000,0.371,1705427099.95,2024-01-16 18:44:59.950000,0,B003TO59D2
L292E0RLKG4B7U,True,task1,batch1,unit_9,1,1,5,Confidence,1705426062.62,2024-01-16 18:27:42.620000,5,39,1705426084.116,2024-01-16 18:28:04.116000,0.32,1705427099.95,2024-01-16 18:44:59.950000,0,B003TO59D2
L292E0RLKG4B7U,True,task1,batch1,unit_9,1,1,5,Confidence,1705426062.62,2024-01-16 18:27:42.620000,6,33,1705426150.467,2024-01-16 18:29:10.467000,66.351,1705427099.95,2024-01-16 18:44:59.950000,0,B003TO59D2
L292E0RLKG4B7U,True,task1,batch1,unit_9,1,1,5,Confidence,1705426062.62,2024-01-16 18:27:42.620000,7,47,1705426150.915,2024-01-16 18:29:10.915000,0.448,1705427099.95,2024-01-16 18:44:59.950000,0,B003TO59D2
L292E0RLKG4B7U,True,task1,batch1,unit_9,1,1,5,Confidence,1705426062.62,2024-01-16 18:27:42.620000,8,54,1705426151.539,2024-01-16 18:29:11.539000,0.624,1705427099.95,2024-01-16 18:44:59.950000,0,B003TO59D2
L292E0RLKG4B7U,True,task1,batch1,unit_9,1,1,5,Confidence,1705426062.62,2024-01-16 18:27:42.620000,9,53,1705426151.809,2024-01-16 18:29:11.809000,0.27,1705427099.95,2024-01-16 18:44:59.950000,0,B003TO59D2
L292E0RLKG4B7U,True,task1,batch1,unit_9,1,1,5,Confidence,1705426062.62,2024-01-16 18:27:42.620000,10,43,1705426152.026,2024-01-16 18:29:12.026000,0.217,1705427099.95,2024-01-16 18:44:59.950000,0,B003TO59D2
L292E0RLKG4B7U,True,task1,batch1,unit_9,1,1,5,Confidence,1705426062.62,2024-01-16 18:27:42.620000,11,39,1705426152.207,2024-01-16 18:29:12.207000,0.181,1705427099.95,2024-01-16 18:44:59.950000,0,B003TO59D2
L292E0RLKG4B7U,True,task1,batch1,unit_9,1,1,5,Confidence,1705426062.62,2024-01-16 18:27:42.620000,12,32,1705426153.282,2024-01-16 18:29:13.282000,1.075,1705427099.95,2024-01-16 18:44:59.950000,0,B003TO59D2
L292E0RLKG4B7U,True,task1,batch1,unit_9,1,1,5,Confidence,1705426062.62,2024-01-16 18:27:42.620000,13,31,1705426153.459,2024-01-16 18:29:13.459000,0.177,1705427099.95,2024-01-16 18:44:59.950000,0,B003TO59D2
L292E0RLKG4B7U,True,task1,batch1,unit_9,1,1,5,Confidence,1705426062.62,2024-01-16 18:27:42.620000,14,29,1705426153.619,2024-01-16 18:29:13.619000,0.16,1705427099.95,2024-01-16 18:44:59.950000,0,B003TO59D2
L292E0RLKG4B7U,True,task1,batch1,unit_9,1,1,5,Confidence,1705426062.62,2024-01-16 18:27:42.620000,15,30,1705426190.248,2024-01-16 18:29:50.248000,36.629,1705427099.95,2024-01-16 18:44:59.950000,0,B003TO59D2
L292E0RLKG4B7U,True,task1,batch1,unit_9,1,1,5,Confidence,1705426062.62,2024-01-16 18:27:42.620000,16,37,1705426191.037,2024-01-16 18:29:51.037000,0.789,1705427099.95,2024-01-16 18:44:59.950000,0,B003TO59D2
L292E0RLKG4B7U,True,task1,batch1,unit_9,1,1,5,Confidence,1705426062.62,2024-01-16 18:27:42.620000,17,42,1705426191.781,2024-01-16 18:29:51.781000,0.744,1705427099.95,2024-01-16 18:44:59.950000,0,B003TO59D2
L292E0RLKG4B7U,True,task1,batch1,unit_9,1,1,5,Confidence,1705426062.62,2024-01-16 18:27:42.620000,18,84,1705426464.352,2024-01-16 18:34:24.352000,272.571,1705427099.95,2024-01-16 18:44:59.950000,0,B003TO59D2
L292E0RLKG4B7U,True,task1,batch1,unit_9,1,1,5,Confidence,1705426062.62,2024-01-16 18:27:42.620000,0,90,1705426692.572,2024-01-16 18:38:12.572000,629.952,1705427099.95,2024-01-16 18:44:59.950000,1,B01G6LXXWI
L292E0RLKG4B7U,True,task1,batch1,unit_9,1,1,5,Confidence,1705426062.62,2024-01-16 18:27:42.620000,0,89,1705426856.544,2024-01-16 18:40:56.544000,793.924,1705427099.95,2024-01-16 18:44:59.950000,2,B0050SYWGU
L292E0RLKG4B7U,True,task1,batch1,unit_9,1,1,5,Confidence,1705426062.62,2024-01-16 18:27:42.620000,0,85,1705427056.429,2024-01-16 18:44:16.429000,993.809,1705427099.95,2024-01-16 18:44:59.950000,3,B0029MAXR2
L292E0RLKG4B7U,True,task1,batch1,unit_9,1,1,5,Confidence,1705426062.62,2024-01-16 18:27:42.620000,0,68,1705427157.16,2024-01-16 18:45:57.160000,1094.54,1705427099.95,2024-01-16 18:44:59.950000,4,B000O39U3Q
L292E0RLKG4B7U,True,task1,batch1,unit_9,1,1,5,Confidence,1705426062.62,2024-01-16 18:27:42.620000,1,80,1705427159.882,2024-01-16 18:45:59.882000,2.722,1705427099.95,2024-01-16 18:44:59.950000,4,B000O39U3Q
MXLX3Z0LDZTDTY,True,task1,batch1,unit_8,1,1,5,Confidence,1705425133.36,2024-01-16 18:12:13.360000,0,85,1705425637.862,2024-01-16 18:20:37.862000,504.502,1705427229.01,2024-01-16 18:47:09.010000,0,B0001DHQPI
MXLX3Z0LDZTDTY,True,task1,batch1,unit_8,1,1,5,Confidence,1705425133.36,2024-01-16 18:12:13.360000,0,92,1705426552.237,2024-01-16 18:35:52.237000,1418.877,1705427229.01,2024-01-16 18:47:09.010000,1,B001DYVHY0
MXLX3Z0LDZTDTY,True,task1,batch1,unit_8,1,1,5,Confidence,1705425133.36,2024-01-16 18:12:13.360000,1,90,1705426557.822,2024-01-16 18:35:57.822000,5.585,1705427229.01,2024-01-16 18:47:09.010000,1,B001DYVHY0
MXLX3Z0LDZTDTY,True,task1,batch1,unit_8,1,1,5,Confidence,1705425133.36,2024-01-16 18:12:13.360000,0,55,1705426756.33,2024-01-16 18:39:16.330000,1622.97,1705427229.01,2024-01-16 18:47:09.010000,2,B00PNVOBTC
MXLX3Z0LDZTDTY,True,task1,batch1,unit_8,1,1,5,Confidence,1705425133.36,2024-01-16 18:12:13.360000,0,70,1705427104.195,2024-01-16 18:45:04.195000,1970.835,1705427229.01,2024-01-16 18:47:09.010000,3,B0029MAXR2
MXLX3Z0LDZTDTY,True,task1,batch1,unit_8,1,1,5,Confidence,1705425133.36,2024-01-16 18:12:13.360000,1,81,1705427106.594,2024-01-16 18:45:06.594000,2.399,1705427229.01,2024-01-16 18:47:09.010000,3,B0029MAXR2
MXLX3Z0LDZTDTY,True,task1,batch1,unit_8,1,1,5,Confidence,1705425133.36,2024-01-16 18:12:13.360000,0,87,1705427278.677,2024-01-16 18:47:58.677000,2145.317,1705427229.01,2024-01-16 18:47:09.010000,4,B00QTSR5GO
OMLUXZWFN4LV8O,True,task1,batch1,unit_6,1,1,5,Confidence,1705417693.8,2024-01-16 16:08:13.800000,0,45,1705418174.357,2024-01-16 16:16:14.357000,480.557,1705419256.26,2024-01-16 16:34:16.260000,0,B005ZNWT4C
OMLUXZWFN4LV8O,True,task1,batch1,unit_6,1,1,5,Confidence,1705417693.8,2024-01-16 16:08:13.800000,0,33,1705418540.312,2024-01-16 16:22:20.312000,846.512,1705419256.26,2024-01-16 16:34:16.260000,1,B01G6LXXWI
OMLUXZWFN4LV8O,True,task1,batch1,unit_6,1,1,5,Confidence,1705417693.8,2024-01-16 16:08:13.800000,1,45,1705418541.184,2024-01-16 16:22:21.184000,0.872,1705419256.26,2024-01-16 16:34:16.260000,1,B01G6LXXWI
OMLUXZWFN4LV8O,True,task1,batch1,unit_6,1,1,5,Confidence,1705417693.8,2024-01-16 16:08:13.800000,2,23,1705418546.353,2024-01-16 16:22:26.353000,5.169,1705419256.26,2024-01-16 16:34:16.260000,1,B01G6LXXWI
OMLUXZWFN4LV8O,True,task1,batch1,unit_6,1,1,5,Confidence,1705417693.8,2024-01-16 16:08:13.800000,3,55,1705418555.47,2024-01-16 16:22:35.470000,9.117,1705419256.26,2024-01-16 16:34:16.260000,1,B01G6LXXWI
OMLUXZWFN4LV8O,True,task1,batch1,unit_6,1,1,5,Confidence,1705417693.8,2024-01-16 16:08:13.800000,4,45,1705418559.167,2024-01-16 16:22:39.167000,3.697,1705419256.26,2024-01-16 16:34:16.260000,1,B01G6LXXWI
OMLUXZWFN4LV8O,True,task1,batch1,unit_6,1,1,5,Confidence,1705417693.8,2024-01-16 16:08:13.800000,5,22,1705418575.471,2024-01-16 16:22:55.471000,16.304,1705419256.26,2024-01-16 16:34:16.260000,1,B01G6LXXWI
OMLUXZWFN4LV8O,True,task1,batch1,unit_6,1,1,5,Confidence,1705417693.8,2024-01-16 16:08:13.800000,6,33,1705418582.25,2024-01-16 16:23:02.250000,6.779,1705419256.26,2024-01-16 16:34:16.260000,1,B01G6LXXWI
OMLUXZWFN4LV8O,True,task1,batch1,unit_6,1,1,5,Confidence,1705417693.8,2024-01-16 16:08:13.800000,7,55,1705418584.786,2024-01-16 16:23:04.786000,2.536,1705419256.26,2024-01-16 16:34:16.260000,1,B01G6LXXWI
OMLUXZWFN4LV8O,True,task1,batch1,unit_6,1,1,5,Confidence,1705417693.8,2024-01-16 16:08:13.800000,8,38,1705418815.298,2024-01-16 16:26:55.298000,230.512,1705419256.26,2024-01-16 16:34:16.260000,1,B01G6LXXWI
OMLUXZWFN4LV8O,True,task1,batch1,unit_6,1,1,5,Confidence,1705417693.8,2024-01-16 16:08:13.800000,9,35,1705418847.4,2024-01-16 16:27:27.400000,32.102,1705419256.26,2024-01-16 16:34:16.260000,1,B01G6LXXWI
OMLUXZWFN4LV8O,True,task1,batch1,unit_6,1,1,5,Confidence,1705417693.8,2024-01-16 16:08:13.800000,10,54,1705418894.079,2024-01-16 16:28:14.079000,46.679,1705419256.26,2024-01-16 16:34:16.260000,1,B01G6LXXWI
OMLUXZWFN4LV8O,True,task1,batch1,unit_6,1,1,5,Confidence,1705417693.8,2024-01-16 16:08:13.800000,0,99,1705419043.933,2024-01-16 16:30:43.933000,1350.133,1705419256.26,2024-01-16 16:34:16.260000,2,B0041RUM0Q
OMLUXZWFN4LV8O,True,task1,batch1,unit_6,1,1,5,Confidence,1705417693.8,2024-01-16 16:08:13.800000,1,95,1705419045.061,2024-01-16 16:30:45.061000,1.128,1705419256.26,2024-01-16 16:34:16.260000,2,B0041RUM0Q
OMLUXZWFN4LV8O,True,task1,batch1,unit_6,1,1,5,Confidence,1705417693.8,2024-01-16 16:08:13.800000,2,98,1705419046.061,2024-01-16 16:30:46.061000,1.0,1705419256.26,2024-01-16 16:34:16.260000,2,B0041RUM0Q
OMLUXZWFN4LV8O,True,task1,batch1,unit_6,1,1,5,Confidence,1705417693.8,2024-01-16 16:08:13.800000,3,4,1705419049.644,2024-01-16 16:30:49.644000,3.583,1705419256.26,2024-01-16 16:34:16.260000,2,B0041RUM0Q
OMLUXZWFN4LV8O,True,task1,batch1,unit_6,1,1,5,Confidence,1705417693.8,2024-01-16 16:08:13.800000,4,97,1705419051.164,2024-01-16 16:30:51.164000,1.52,1705419256.26,2024-01-16 16:34:16.260000,2,B0041RUM0Q
OMLUXZWFN4LV8O,True,task1,batch1,unit_6,1,1,5,Confidence,1705417693.8,2024-01-16 16:08:13.800000,0,2,1705419209.496,2024-01-16 16:33:29.496000,1515.696,1705419256.26,2024-01-16 16:34:16.260000,3,B00006JN5L
OMLUXZWFN4LV8O,True,task1,batch1,unit_6,1,1,5,Confidence,1705417693.8,2024-01-16 16:08:13.800000,1,5,1705419210.312,2024-01-16 16:33:30.312000,0.816,1705419256.26,2024-01-16 16:34:16.260000,3,B00006JN5L
OMLUXZWFN4LV8O,True,task1,batch1,unit_6,1,1,5,Confidence,1705417693.8,2024-01-16 16:08:13.800000,2,1,1705419210.991,2024-01-16 16:33:30.991000,0.679,1705419256.26,2024-01-16 16:34:16.260000,3,B00006JN5L
OMLUXZWFN4LV8O,True,task1,batch1,unit_6,1,1,5,Confidence,1705417693.8,2024-01-16 16:08:13.800000,0,2,1705419326.74,2024-01-16 16:35:26.740000,1632.94,1705419256.26,2024-01-16 16:34:16.260000,4,B003TO59D2
OMLUXZWFN4LV8O,True,task1,batch1,unit_6,1,1,5,Confidence,1705417693.8,2024-01-16 16:08:13.800000,1,0,1705419328.292,2024-01-16 16:35:28.292000,1.552,1705419256.26,2024-01-16 16:34:16.260000,4,B003TO59D2
OMLUXZWFN4LV8O,True,task1,batch1,unit_6,1,1,5,Confidence,1705417693.8,2024-01-16 16:08:13.800000,2,1,1705419330.158,2024-01-16 16:35:30.158000,1.866,1705419256.26,2024-01-16 16:34:16.260000,4,B003TO59D2
OMLUXZWFN4LV8O,True,task1,batch1,unit_6,1,1,5,Confidence,1705417693.8,2024-01-16 16:08:13.800000,3,5,1705419330.928,2024-01-16 16:35:30.928000,0.77,1705419256.26,2024-01-16 16:34:16.260000,4,B003TO59D2
OMLUXZWFN4LV8O,True,task1,batch1,unit_6,1,1,5,Confidence,1705417693.8,2024-01-16 16:08:13.800000,4,1,1705419332.027,2024-01-16 16:35:32.027000,1.099,1705419256.26,2024-01-16 16:34:16.260000,4,B003TO59D2
OMLUXZWFN4LV8O,True,task1,batch1,unit_6,1,1,5,Confidence,1705417693.8,2024-01-16 16:08:13.800000,5,2,1705419332.407,2024-01-16 16:35:32.407000,0.38,1705419256.26,2024-01-16 16:34:16.260000,4,B003TO59D2
OMLUXZWFN4LV8O,True,task1,batch1,unit_6,1,1,5,Confidence,1705417693.8,2024-01-16 16:08:13.800000,6,3,1705419332.81,2024-01-16 16:35:32.810000,0.403,1705419256.26,2024-01-16 16:34:16.260000,4,B003TO59D2
OMLUXZWFN4LV8O,True,task1,batch1,unit_6,1,1,5,Confidence,1705417693.8,2024-01-16 16:08:13.800000,7,7,1705419333.191,2024-01-16 16:35:33.191000,0.381,1705419256.26,2024-01-16 16:34:16.260000,4,B003TO59D2
OMLUXZWFN4LV8O,True,task1,batch1,unit_6,1,1,5,Confidence,1705417693.8,2024-01-16 16:08:13.800000,8,10,1705419334.725,2024-01-16 16:35:34.725000,1.534,1705419256.26,2024-01-16 16:34:16.260000,4,B003TO59D2
OMLUXZWFN4LV8O,True,task1,batch1,unit_6,1,1,5,Confidence,1705417693.8,2024-01-16 16:08:13.800000,9,2,1705419335.64,2024-01-16 16:35:35.640000,0.915,1705419256.26,2024-01-16 16:34:16.260000,4,B003TO59D2
T4MEORG9STZITP,True,task1,batch1,unit_10,1,1,5,Confidence,1705428799.36,2024-01-16 19:13:19.360000,0,38,1705429197.642,2024-01-16 19:19:57.642000,398.282,1705429636.88,2024-01-16 19:27:16.880000,0,B0002KMHD6
T4MEORG9STZITP,True,task1,batch1,unit_10,1,1,5,Confidence,1705428799.36,2024-01-16 19:13:19.360000,1,60,1705429203.857,2024-01-16 19:20:03.857000,6.215,1705429636.88,2024-01-16 19:27:16.880000,0,B0002KMHD6
T4MEORG9STZITP,True,task1,batch1,unit_10,1,1,5,Confidence,1705428799.36,2024-01-16 19:13:19.360000,0,75,1705429336.27,2024-01-16 19:22:16.270000,536.91,1705429636.88,2024-01-16 19:27:16.880000,1,B015XC3B46
T4MEORG9STZITP,True,task1,batch1,unit_10,1,1,5,Confidence,1705428799.36,2024-01-16 19:13:19.360000,1,74,1705429343.825,2024-01-16 19:22:23.825000,7.555,1705429636.88,2024-01-16 19:27:16.880000,1,B015XC3B46
T4MEORG9STZITP,True,task1,batch1,unit_10,1,1,5,Confidence,1705428799.36,2024-01-16 19:13:19.360000,0,39,1705429478.12,2024-01-16 19:24:38.120000,678.76,1705429636.88,2024-01-16 19:27:16.880000,2,B00PNVOBTC
T4MEORG9STZITP,True,task1,batch1,unit_10,1,1,5,Confidence,1705428799.36,2024-01-16 19:13:19.360000,1,68,1705429507.167,2024-01-16 19:25:07.167000,29.047,1705429636.88,2024-01-16 19:27:16.880000,2,B00PNVOBTC
T4MEORG9STZITP,True,task1,batch1,unit_10,1,1,5,Confidence,1705428799.36,2024-01-16 19:13:19.360000,0,84,1705429605.227,2024-01-16 19:26:45.227000,805.867,1705429636.88,2024-01-16 19:27:16.880000,3,B0041RUM0Q
T4MEORG9STZITP,True,task1,batch1,unit_10,1,1,5,Confidence,1705428799.36,2024-01-16 19:13:19.360000,0,73,1705429728.593,2024-01-16 19:28:48.593000,929.233,1705429636.88,2024-01-16 19:27:16.880000,4,B001DYVHY0
